<scene version="2.1.0">

<!-- Defaults, these can be set via the command line: -Darg=value -->


<!-- Camera and Rendering Parameters -->

	<integrator type="path" id="elm__0" name="elm__0">
		<integer name="max_depth" value="12"/>
	</integrator>

<!-- Materials -->

	<bsdf type="diffuse" id="mat-itu_glass" name="mat-itu_glass">
		<rgb value="0.009000 0.002000 0.800000" name="reflectance"/>
	</bsdf>
	<bsdf type="twosided" id="mat-itu_concrete" name="mat-itu_concrete">
		<bsdf type="principled" name="bsdf">
			<rgb value="0.800000 0.800000 0.800000" name="base_color"/>
			<rgb value="1.000000 1.000000 1.000000" name="spec_tint"/>
			<float name="spec_trans" value="0.000000"/>
			<float name="metallic" value="0.000000"/>
			<float name="anisotropic" value="0.000000"/>
			<float name="roughness" value="0.250000"/>
			<float name="sheen" value="0.000000"/>
			<rgb value="1.000000 1.000000 1.000000" name="sheen_tint"/>
			<float name="clearcoat" value="0.000000"/>
			<float name="clearcoat_gloss" value="0.000900"/>
			<float name="specular" value="0.500000"/>
		</bsdf>
	</bsdf>

<!-- Emitters -->


<!-- Shapes -->

	<shape type="ply" id="Terrain-wall" name="Terrain-wall">
		<string name="filename" value="meshes/Terrain-wall.ply"/>
		<ref id="mat-itu_concrete" name="bsdf"/>
	</shape>
	<shape type="ply" id="Terrain-roof" name="Terrain-roof">
		<string name="filename" value="meshes/Terrain-roof.ply"/>
		<ref id="mat-itu_concrete" name="bsdf"/>
	</shape>
	<shape type="ply" id="Terrain-d2d2ca" name="Terrain-d2d2ca">
		<string name="filename" value="meshes/Terrain-d2d2ca.ply"/>
		<ref id="mat-itu_concrete" name="bsdf"/>
	</shape>
	<shape type="ply" id="Terrain-areas_pedestrian" name="Terrain-areas_pedestrian">
		<string name="filename" value="meshes/Terrain-areas_pedestrian.ply"/>
		<ref id="mat-itu_concrete" name="bsdf"/>
	</shape>
	<shape type="ply" id="Terrain-vegetation" name="Terrain-vegetation">
		<string name="filename" value="meshes/Terrain-vegetation.ply"/>
		<ref id="mat-itu_concrete" name="bsdf"/>
	</shape>
	<shape type="ply" id="Terrain-waterTerrain-water" name="Terrain-water">
		<string name="filename" value="meshes/Terrain-water.ply"/>
		<boolean name="face_normals" value="true"/>
		<ref id="mat-itu_glass" name="bsdf"/>
	</shape>
	<shape type="ply" id="Terrain-forest" name="Terrain-forest">
		<string name="filename" value="meshes/Terrain-forest.ply"/>
		<ref id="mat-itu_concrete" name="bsdf"/>
	</shape>

<!-- Volumes -->

</scene>
