<scene version="2.1.0">

<!-- Defaults, these can be set via the command line: -Darg=value -->


<!-- Camera and Rendering Parameters -->

	<integrator type="path" id="elm__0" name="elm__0">
		<integer name="max_depth" value="12"/>
	</integrator>

<!-- Materials -->

	<bsdf type="diffuse" id="mat-itu_glass" name="mat-itu_glass">
		<rgb value="0.009000 0.002000 0.800000" name="reflectance"/>
	</bsdf>
	<bsdf type="twosided" id="mat-itu_concrete.001" name="mat-itu_concrete.001">
		<bsdf type="principled" name="bsdf">
			<rgb value="0.800000 0.800000 0.800000" name="base_color"/>
			<rgb value="1.000000 1.000000 1.000000" name="spec_tint"/>
			<float name="spec_trans" value="0.000000"/>
			<float name="metallic" value="0.000000"/>
			<float name="anisotropic" value="0.000000"/>
			<float name="roughness" value="0.250000"/>
			<float name="sheen" value="0.000000"/>
			<rgb value="1.000000 1.000000 1.000000" name="sheen_tint"/>
			<float name="clearcoat" value="0.000000"/>
			<float name="clearcoat_gloss" value="0.000900"/>
			<float name="specular" value="0.500000"/>
		</bsdf>
	</bsdf>
	<bsdf type="diffuse" id="mat-itu_concrete" name="mat-itu_concrete">
		<rgb value="1.000000 0.810266 0.206874" name="reflectance"/>
	</bsdf>

<!-- Emitters -->


<!-- Shapes -->

	<shape type="ply" id="mesh-map_10_osm_water" name="mesh-map_10_osm_water">
		<string name="filename" value="meshes/map_10_osm_water.ply"/>
		<boolean name="face_normals" value="true"/>
		<ref id="mat-itu_glass" name="bsdf"/>
	</shape>
	<shape type="ply" id="mesh-Terrain" name="mesh-Terrain">
		<string name="filename" value="meshes/Terrain.ply"/>
		<ref id="mat-itu_concrete.001" name="bsdf"/>
	</shape>
	<shape type="ply" id="mesh-map_11_osm_buildings" name="mesh-map_11_osm_buildings">
		<string name="filename" value="meshes/map_11_osm_buildings.ply"/>
		<ref id="mat-itu_concrete" name="bsdf"/>
	</shape>

<!-- Volumes -->

</scene>
